"OriginalPath","Length","Status","Error"
"F:\sliverfox-file\others-virus\01e251668e4913f44d838c7373f5f57596a57cf66f72c84c4f7be38f0abbe949.elf","639589","Recycled",""
"F:\sliverfox-file\others-virus\06ffb708eeedc3698da8f67bcb2d6820ff7b9474d9b6cdefd0c8eb0a69c4142a.elf","100288","Recycled",""
"F:\sliverfox-file\others-virus\07623448429a02c23d568207e8ff42f08578bdc7fc626d0aa1ad5a56f880853d.elf","720728","Recycled",""
"F:\sliverfox-file\others-virus\079dc979877b459a9bf711923a665b772b3a04abecef66b8eabdd2baadc99bce.elf","1060748","Recycled",""
"F:\sliverfox-file\others-virus\09e4e96872385a0296efe00cfaa02e0d0d46b0c71855345f39cc2dfeabb8c75a.elf","25600","Recycled",""
"F:\sliverfox-file\others-virus\0e189f80f27b0cae3ffb1ad5fb75a4f45850d1b0cf9335824da3c8c24f2bb53c.sh","45529","Recycled",""
"F:\sliverfox-file\others-virus\0e827f3b4a3787f2ca86d130e879c705d0d7e8e8f55fdd2b6b6ac1012cc4aceb.unknown","188388","Recycled",""
"F:\sliverfox-file\others-virus\1011fc0b4889c07dbb2752dafc9b3207bb077f16279bf185689fd1cd67d75aa1.unknown","2152408","Recycled",""
"F:\sliverfox-file\others-virus\119334fc9aa05c272da7e1b9ca1a215a22a578d339137cc90886bf1a1bfe51ff.elf","26820","Recycled",""
"F:\sliverfox-file\others-virus\13f3355c7a7fdb6662f2652de314317eef6005e52659d0bdda774475d9cc4a79.elf","1060800","Recycled",""
"F:\sliverfox-file\others-virus\13f578796f6991269088f3a7482056fd7a04454e54a631c59e8d1c583d7d9577.elf","270172","Recycled",""
"F:\sliverfox-file\others-virus\14afc38458bd9ba7c9cc15c43c46e45dc607f33cee69a6afb161d14f03771460.elf","575228","Recycled",""
"F:\sliverfox-file\others-virus\15d977b0cd7353fde95f6744ac53dd9c4bf5e37af37f72cd9ad67cb6ceaee049.unknown","32","Recycled",""
"F:\sliverfox-file\others-virus\163593e3058d1c467aebf73890ac72ff025bed44f45d138872055cfab701bbd9.elf","107968","Recycled",""
"F:\sliverfox-file\others-virus\16d40dcf8d70a205344a29f6a8540c1924e1064caa2945f84b851670208ed16b.elf","739980","Recycled",""
"F:\sliverfox-file\others-virus\1756897b4029c19c185bd866000926a1b837e3c391c71dbe2cf9ecd0adbd088f.elf","100586","Recycled",""
"F:\sliverfox-file\others-virus\17c15e2b10ba39f8a1e298a84815fab3ca3ebec7c5b9ba6ee436df531d2b0a91.elf","12493","Recycled",""
"F:\sliverfox-file\others-virus\17cffe727712a861b652098cfa78a72616fe1075d1ec0066524eebe3ee826eb6.elf","95944","Recycled",""
"F:\sliverfox-file\others-virus\1c395394ea2fc88e6b56592dc89cebd53888991c96ae6b5cbe68677d282b30ce.cmd","6162","Recycled",""
"F:\sliverfox-file\others-virus\20fa53c4f1dccb1f70c462e5d44542690a8bb3740b86e2cd8159a1725ee5b7ae.elf","295648","Recycled",""
"F:\sliverfox-file\others-virus\21e45d4c68354ba4e6ae0f61202ff648b45453e9e1d9ab65fedf2dd7c516b3e3.elf","731340","Recycled",""
"F:\sliverfox-file\others-virus\233fd2c05865e6fc7034e61bf98e64f7afeb24c1b3e88539895eeff764ebb740.macho","937152","Recycled",""
"F:\sliverfox-file\others-virus\23dfbdfa8c73f1de1c6d9015ce6edc90f7fd3613ec8dd6a523477f517edaa73e.elf","98933","Recycled",""
"F:\sliverfox-file\others-virus\26df52334726c54126a662a46d7f4f3749bf66281f7f539451b1d47d3626bb83.sh","45533","Recycled",""
"F:\sliverfox-file\others-virus\26f0a0a53e6113feb0a6f2a114f3b34d61d485556ec30664b794b41e111f24a6.elf","127456","Recycled",""
"F:\sliverfox-file\others-virus\28423d6534cdb6b87d6e713930926c82ce4e19f9018647809bbebc1b7be27885.elf","38640","Recycled",""
"F:\sliverfox-file\others-virus\293c2f2f95c1c461869cfc2d2ec35cca863e57c491a42bb5f4641ca7a6f3c714.elf","7309698","Recycled",""
"F:\sliverfox-file\others-virus\294aea20f003b4a593586cb755046d31c56697b0ddcf4a970bade8cf938f8f3f.elf","119104","Recycled",""
"F:\sliverfox-file\others-virus\29db3c6e90e68ecfb092dc967d8870e14047b05f1b83d8aed94b78539819e97f.elf","222588","Recycled",""
"F:\sliverfox-file\others-virus\2a6f86e99dd01d145c6ef369ae9e6f046ff2a5032eb9bb2b087e2bea3d8e5c94.elf","505204","Recycled",""
"F:\sliverfox-file\others-virus\2af9d238d349fbf81420f6e20fcdc98ac4b721c7d278f3aac397b5a2fab3bd94.jar","1559178","Recycled",""
"F:\sliverfox-file\others-virus\2e2ebc403a78c1066ecbbdd41e0ae03349ffa28009a1de41d8451d7576c093ba.cmd","10982615","Recycled",""
"F:\sliverfox-file\others-virus\3184c3aaa4763c17cc03577f8d1071b606d8a57718319fe23ee08faa9bb92510.unknown","2626690","Recycled",""
"F:\sliverfox-file\others-virus\3271d8a41b2bf7c13725e1c7c00bd06ba6a36d267f0d0ffd16ba6303256855d4.elf","1094480","Recycled",""
"F:\sliverfox-file\others-virus\32df4f4afa4d06c6096d807535d584556cb7dca6234088299106a93a49a8e4ef.xlsx","1263104","Recycled",""
"F:\sliverfox-file\others-virus\336f4bf8eb4d76c91f936beabe3a061b43db46d2cc85e6dc82dd22f9194191fc.macho","952800","Recycled",""
"F:\sliverfox-file\others-virus\33ffc2f4edc498646a54368bbfb8a0c23b04e993be047f2163c8a9f4fe258915.xls","1197568","Recycled",""
"F:\sliverfox-file\others-virus\36f34c875a36be72f2b572f13019b1b2b58d28aa29ae762b9df86b3a85d3ea19.elf","1073952","Recycled",""
"F:\sliverfox-file\others-virus\3719a847dd3216f7d141ee78060c13bbd4d42c306a0669f5322aa4ef9c3ccffb.elf","1053472","Recycled",""
"F:\sliverfox-file\others-virus\372a630595aa696c55ef6c5673ceb126161f86cd1e791496f5033ed359dca9d0.elf","11436032","Recycled",""
"F:\sliverfox-file\others-virus\374d2ebdc843ed9de0a02c0be9bac5cc63677f83ba5cbfa3092d0b2928f8558b.elf","94684","Recycled",""
"F:\sliverfox-file\others-virus\379a97a78f96f258c12fc6f9248c9ae6e037c1e61fe4cba5068a224696a1c096.elf","124616","Recycled",""
"F:\sliverfox-file\others-virus\37dd737a342729c7b8c4e6f28140f2ff977a433793482b6bd488efd56a20812e.elf","889840","Recycled",""
"F:\sliverfox-file\others-virus\382a3e22d91b93c67de463fde451870620e661b8e96f40a4ece80a2d3543a03f.macho","921696","Recycled",""
"F:\sliverfox-file\others-virus\3878098722cec00789ec13fcb64f9ffe643b6f8c5a9a94fcc8e79c68a3cb96a0.xlsx","1238016","Recycled",""
"F:\sliverfox-file\others-virus\39065179218c0180437d69a220df7714ab6b065aec7b7837d4dd85c6199e888a.elf","16220160","Recycled",""
"F:\sliverfox-file\others-virus\3980e963a0b6c435c33db45c7fdff81057f6206d4c33934394f29a332fe4bd88.elf","113056","Recycled",""
"F:\sliverfox-file\others-virus\39ac2c4015532e8b06bf54ecebe497ebf2652c1a55e67605fa0c2618c2735906.hta","1048481","Recycled",""
"F:\sliverfox-file\others-virus\39b2aec877858b40c4d3b6ec5eaf6ec94003d8940646cac9df097403b4197ca1.elf","1060908","Recycled",""
"F:\sliverfox-file\others-virus\3a32b9a6450f39533580b5cbae649e5bdc966f56555ec662c7cd6c53668d20db.hta","14027","Recycled",""
"F:\sliverfox-file\others-virus\3a55b0863a144f665d597fcfb90a473ad3299242e1f54c1814ad80c16d40644c.elf","613844","Recycled",""
"F:\sliverfox-file\others-virus\3b42a8f371697c1b239c9889d8f4c8149087c3e88b50cb54cd604fcdde98ed3f.elf","730696","Recycled",""
"F:\sliverfox-file\others-virus\3b4e327098bd46bee1e4c7c18f5c73900a9ddcda9131fdd73cfae4ef76b7ba47.elf","276864","Recycled",""
"F:\sliverfox-file\others-virus\3bbb0f2af5e2359cbd433386cd667fb2e789b299f75a2097ec6b6b80342376d3.elf","332724","Recycled",""
"F:\sliverfox-file\others-virus\3cb9036f20fdb091ffb7c4bb42911217f2da456dd4c406781e59f4ce6af88afa.elf","1095696","Recycled",""
"F:\sliverfox-file\others-virus\3e1b90ccb649b66a0c30fa535e5380f3cf182a3b5e75533afda91f69a6218f7f.elf","25808","Recycled",""
"F:\sliverfox-file\others-virus\3e5484347b54e39a4d80a336db4b9c12e0348139390b24c4c6c85c6c670677e3.elf","460288","Recycled",""
"F:\sliverfox-file\others-virus\3e9970a23d5a97d57174da93c336d77092a7126a15d4f8c69cf7c47e87800a33.elf","176000","Recycled",""
"F:\sliverfox-file\others-virus\40c7608c60bc87df9d0a8030a7db8c488fbd43d9718331e0b812e2362b5a14f0.elf","132500","Recycled",""
"F:\sliverfox-file\others-virus\40f09e69d334c5b951edb85ffe8b81e03ab4ff7db5d408add95aadc35b70bf13.elf","16232","Recycled",""
"F:\sliverfox-file\others-virus\4295229d2dd361f13fc411094a164518ac281ba6a49af47f8ce7c2a7c9977e8f.elf","775800","Recycled",""
"F:\sliverfox-file\others-virus\439091f75be9d821cd0bad0c55713e7e4362e7a9c9d3bb2b96a27ff1a17dff8f.sh","45525","Recycled",""
"F:\sliverfox-file\others-virus\4812b24a0041be69a26bd068e95544e180012a813030c30143c86bce8e7c51bc.elf","102976","Recycled",""
"F:\sliverfox-file\others-virus\4aca18200e41c23dd646129603b990de52c51ddbbf6a558aed0aba3996168f2d.elf","35140","Recycled",""
"F:\sliverfox-file\others-virus\4c7ac675d6469a808bdcc5feb6331e5771e7e221a357baf6a5617702076ffd6b.hta","11963","Recycled",""
"F:\sliverfox-file\others-virus\4d6d993b5e388c4bfbfb002f58811b8426736e5fab0da7111532c496e8b47c71.elf","113562","Recycled",""
"F:\sliverfox-file\others-virus\4dfc2f7bc34c1ad5caed7194ceadcf7abe9b73105b1f8f43afda69bb3095a82a.hta","27488","Recycled",""
"F:\sliverfox-file\others-virus\4e2f0e58ec5a9f6f3d0a0fd6b496afdd2df1f38d053c38df682c898226154425.elf","24464","Recycled",""
"F:\sliverfox-file\others-virus\4f5c55309bece444799b5de8ebe9fd883dde8ed71aa91610a99b15376fe9d0b1.elf","473400","Recycled",""
"F:\sliverfox-file\others-virus\5096417a65e07c38bd3f024a00e93ce13808936f6fd5e7b1c2874582089ffba6.elf","115936","Recycled",""
"F:\sliverfox-file\others-virus\51958f660861f75daa753e178a3792bfa224dca837737d95cc6d14ef35cb7673.elf","108976","Recycled",""
"F:\sliverfox-file\others-virus\52ccf0a6edb323e368f42453e249d5fba25b7d31d3e2b0eb8d9458e72a4ea5b4.jar","851427","Recycled",""
"F:\sliverfox-file\others-virus\533d4992865b23d51c89f6dcf4a399527b70238f0bf34a93e23a0a1ace66eba1.sh","45509","Recycled",""
"F:\sliverfox-file\others-virus\53947abf12814f52230fc93d614bbd211957c8675ae99a1e0ba43393cbaec11c.elf","611148","Recycled",""
"F:\sliverfox-file\others-virus\5492f9606bf12add8b8414b224e8272b7d422baedbd951e8874a4bda0cb716bc.elf","492424","Recycled",""
"F:\sliverfox-file\others-virus\5513e2d528a210a7dda3794d088c459ca9a3679c6b3359bde0e8c38e2dc05892.elf","158088","Recycled",""
"F:\sliverfox-file\others-virus\5536a19bde30a18d139ed46e941dbfd6749ab9fefcec1c369091211619d3cc56.cmd","3256","Recycled",""
"F:\sliverfox-file\others-virus\5597a9f31cd3d90aac870e8a6978d96452a9765ff7118e666016be8444a877ac.xlsx","1242624","Recycled",""
"F:\sliverfox-file\others-virus\55c73092aa12200fb6bbda314f6d03e726c4e29cd01af2f6ba75e2871453aa57.elf","269056","Recycled",""
"F:\sliverfox-file\others-virus\55f9c2bf3308d0d1eddb467ff672409f0526e2ed67d44471c03d1b67d1106113.elf","766548","Recycled",""
"F:\sliverfox-file\others-virus\563730c52030faec7d733c535f44322d010e3098abfcea6f9fc0f815b08a5467.elf","974672","Recycled",""
"F:\sliverfox-file\others-virus\5732754f0020405fe9eaf243d525fe20ba0aa55b97e2c020d8df627adbee90e4.unknown","188378","Recycled",""
"F:\sliverfox-file\others-virus\5939e7d67f0db63c0e0c34e020e7eaa0b6d9dc05f780b38e9d94d2a6952a6daa.elf","219504","Recycled",""
"F:\sliverfox-file\others-virus\5964f962d96b459ed59ac7fc1970703e2242b1919130c2162925cc8d6cf1be26.elf","25600","Recycled",""
"F:\sliverfox-file\others-virus\5ab7335ab08bde3cb6c8661f1332c2f40e0ecca8ce0d936cd5e921bf6e5f6bc5.elf","118464","Recycled",""
"F:\sliverfox-file\others-virus\5b113da04ee992865e5fe6166e9339a4339fb06d1424850870fea5b0e85e6154.hta","16265","Recycled",""
"F:\sliverfox-file\others-virus\5ba6f15384f8f29f2484bbb0669550771e19c77e593e0d9e43a39269edcf1310.elf","113472","Recycled",""
"F:\sliverfox-file\others-virus\5bc57879f390912a9506f5e457b1eaa8b21858721931e7bdebd5083ec9d5e606.hta","11912","Recycled",""
"F:\sliverfox-file\others-virus\5c8a8f414d6dc20687bee7e95526196cac01c1784f2ec9b61cb91304d265e4e2.unknown","2152216","Recycled",""
"F:\sliverfox-file\others-virus\5cdf2a968e2d6d7091e919e5d43d0816f0d1a4ddd8ed42f2b6c9a8af7c0d3a81.elf","699240","Recycled",""
"F:\sliverfox-file\others-virus\5f6742ad105b8eb2817d950fce6c833df229b33ae5e82649ccb41bba067d60ad.elf","727640","Recycled",""
"F:\sliverfox-file\others-virus\5f81a3a1bb8b3c25e681fc472ddf01ecfe30d8c818e50a0d144f18e354f6ab10.cmd","2087","Recycled",""
"F:\sliverfox-file\others-virus\610ae82d0d872334ba68718030bdeb0c2d23ce592b4c9022fbb225b0208b884a.macho","1003328","Recycled",""
"F:\sliverfox-file\others-virus\61892860da6e61c7e614b994a91b33257b3bf115ccf8e7d576688c91d27044a8.elf","30016","Recycled",""
"F:\sliverfox-file\others-virus\6314ab9a32ebfd10f877c94937e982a470821bce204bfb500e92b50421fa657d.sh","292","Recycled",""
"F:\sliverfox-file\others-virus\6317529de86cd39f3a9cb87d472c3c3bea823c83859f4c73628c5976cdaf99a5.elf","612356","Recycled",""
"F:\sliverfox-file\others-virus\65d1eaa7fe015dd006af7b250bbfcfc85ff1633e157fcc3ab24e4eb8056fac18.elf","123259","Recycled",""
"F:\sliverfox-file\others-virus\669f28f19ac3ff0fae117d8b1ca0ef50a8e2b301231143ece0ba6e749741b3b1.elf","106555","Recycled",""
"F:\sliverfox-file\others-virus\66c977d91dcf53fd885e0e1ce25d99f32b1cc5fbad150eee94b80aa265c9bb60.elf","261348","Recycled",""
"F:\sliverfox-file\others-virus\6a0319eefcc834f25b9d436810fb53129181ee67b6a119d22a1240c3399cc4e0.elf","112052","Recycled",""
"F:\sliverfox-file\others-virus\6a3d9fd33f872bafcadff6208011eb4610199899f52f6b79b8190a132d93077d.jar","75164","Recycled",""
"F:\sliverfox-file\others-virus\6ba5f4b2d0f890f36c64fc0a97496a82071b4a219cab3f94d11e91c7ebd5f9e5.elf","75184","Recycled",""
"F:\sliverfox-file\others-virus\6bc6bba73718ef30f4b108d6d9758600cdd62a522511689f0d671c8b1749a7a5.elf","448644","Recycled",""
"F:\sliverfox-file\others-virus\6d376ed261b8487976577a91f632a922c21166cc42739f0c273a678fec3fee02.sh","45505","Recycled",""
"F:\sliverfox-file\others-virus\6d65a4baa0ccee9926aa1dcf042b8426c32614b1b267ac5490836d1991dcc47a.elf","50120","Recycled",""
"F:\sliverfox-file\others-virus\6df17b250cad33c684d31ca5a976cae4fccf5a1510e295dfa75b8ebdeb4a1ebd.elf","117376","Recycled",""
"F:\sliverfox-file\others-virus\6e11520e477b05b105b0eb3ef6061fef152d68ac404441ed6a0dd1d88b1b3bcd.unknown","2628692","Recycled",""
"F:\sliverfox-file\others-virus\6e721fcaf05e978838c49fd521e79bbf57e29e41e86c99041a95c1d70d847355.elf","287292","Recycled",""
"F:\sliverfox-file\others-virus\6f994814774412107510aede65422e66c1e825f57bd3ae5d0f173aa2c54893d5.macho","970576","Recycled",""
"F:\sliverfox-file\others-virus\6fcd1e7842a30d8084cf408208ab96c56797fa0c4aa920f3ad90fb2ca470b427.elf","8126679","Recycled",""
"F:\sliverfox-file\others-virus\704c64073e98b5a92fb6f41293374ef2b91ed12065b66b50c954959671687e8c.elf","35948","Recycled",""
"F:\sliverfox-file\others-virus\70c0c96ab942433b8a5965ce46ff9a582e7f532ee19f865d1131aa688f178da1.hta","14133","Recycled",""
"F:\sliverfox-file\others-virus\70cd2f6246d91701dc3ec2063cfbdcd1fa1ce4e32b6a105e8a9eabda5c720640.elf","795656","Recycled",""
"F:\sliverfox-file\others-virus\75f214437ecc0450437d2925a3e884a994b2083f0524a1a819b92ac58139aae3.elf","6684672","Recycled",""
"F:\sliverfox-file\others-virus\79925c999aa7caf23944499effbf51695ae9cbf626e8279ae240a5925a67d20b.zip","249212","Recycled",""
"F:\sliverfox-file\others-virus\7ae56b78e7e8affacd5d1651d97a0d4d532f784c747956eb4d68fb3826894c39.jar","66954","Recycled",""
"F:\sliverfox-file\others-virus\7b3a9c31ba353d7ff1890868e020c24f06a53f25241732dc5f3eb5dfe696bceb.elf","860976","Recycled",""
"F:\sliverfox-file\others-virus\7d37cdc0b3800d4d6e96c66a9006abd7b2b97d27546af6a0b3d77dcc04d40a2a.cmd","9552","Recycled",""
"F:\sliverfox-file\others-virus\7de77a1518419efae53b6b3163335ee842a5f0f8d6bd959b4488181ca4a8b7c2.elf","67252","Recycled",""
"F:\sliverfox-file\others-virus\80800a0654f87356773e7de99934fc3069548a45484a86c484c431879d0e6320.elf","123296","Recycled",""
"F:\sliverfox-file\others-virus\80828752354b3a770b7c63f46006334fc705c718d40cf3e1df1dc5a4f0fdf043.elf","466644","Recycled",""
"F:\sliverfox-file\others-virus\81d76a0c26340314a05ca2c070b85851a0a0edd3cb80df6d41d5b31f848705f7.elf","487852","Recycled",""
"F:\sliverfox-file\others-virus\81eb84e7cebbfc48853bf4dda7525fb3b21b5014a845d13784f441cda8264906.hta","446","Recycled",""
"F:\sliverfox-file\others-virus\82b91a884b6b036392b845816532895941fd39e7f88a81c95fbfbb86d5884829.elf","1060864","Recycled",""
"F:\sliverfox-file\others-virus\82f10ecd5cecd1cb579ebd8c1fb69770947aa58911a192f27feb8edbca834fd4.elf","337812","Recycled",""
"F:\sliverfox-file\others-virus\833825d6b2eb616896951b2cef540399f946442eb6bf839ea103ffb49be7928f.xls","1190912","Recycled",""
"F:\sliverfox-file\others-virus\843e357ff732c605512dc8feb9fd0468e4694440617b63d4ad7605a470eeaca5.elf","732280","Recycled",""
"F:\sliverfox-file\others-virus\8598eaded1ec92735fdad1507a8af13bb8761cb2342252a8f26dac8cd6c5b019.elf","294528","Recycled",""
"F:\sliverfox-file\others-virus\87994ccde90039071c1b0f30422fb446c5b5b4ab816975dac5a450d461b245fd.unknown","3011300","Recycled",""
"F:\sliverfox-file\others-virus\87c38cda8a4227e76bb6c9d09c6354b375aa0a83841c024f6ff1c08683419d4d.unknown","3486444","Recycled",""
"F:\sliverfox-file\others-virus\87eef6421c2d5d92b3ece83405282aae9b4a79cb0d75bc53940fe41e8548096f.elf","46312","Recycled",""
"F:\sliverfox-file\others-virus\897ea7b1ff1c13db7f2e05b9463b7d516893add639bfe7cb12226608df95a542.elf","7897088","Recycled",""
"F:\sliverfox-file\others-virus\8996a15739bad7bf32ea6755851c5ab0febe3dbeb4b79ae28cfb9e8e5987ca7d.elf","34912","Recycled",""
"F:\sliverfox-file\others-virus\8b8e64862b0fe3aec19fd8d3c7eb0471109471cf3666a96cb60dfcb3d8e8b90a.elf","727084","Recycled",""
"F:\sliverfox-file\others-virus\8ba6aea690b055fb880b42de86b4939f0a3b9e88ff09a0339ddce1eaaf1eff59.unknown","1885009","Recycled",""
"F:\sliverfox-file\others-virus\8c351c3776da15f142f80f78a61dbd0233565d07fef1b539d459e2429df0ff16.elf","741900","Recycled",""
"F:\sliverfox-file\others-virus\8d0584a13d7a0619e3d33261e70c649b54ad9969780419345612862a75043bf8.elf","1095504","Recycled",""
"F:\sliverfox-file\others-virus\8de58483475b3b9225b6c1425ccb5285f36620fe4db31b7285f49d0ffbe8055b.unknown","5002264","Recycled",""
"F:\sliverfox-file\others-virus\8e7d88f5adef0f2706fbc6df433e3c76d81c4b799389319e60a4639fc1c088a1.macho","953280","Recycled",""
"F:\sliverfox-file\others-virus\8ed75046ffa0bac085577ffa731ebdcaf4ac5a1a39e15da7cc723594835faafc.elf","68056","Recycled",""
"F:\sliverfox-file\others-virus\8efbe01d64fd0fbc960ccd0768e6d25fd0997bbf19cc308c370f43668179c80e.elf","112660","Recycled",""
"F:\sliverfox-file\others-virus\9031dfd10857a96d8d91f79e9e86981200f074108d01022e9eeef9126fb2d931.elf","123532","Recycled",""
"F:\sliverfox-file\others-virus\935e24466c7b67ee29b2767189572eb845940811d0a3e98843a65bb9f93fab65.elf","95041","Recycled",""
"F:\sliverfox-file\others-virus\93b11229257e0f7deb0cd7afef5092d2ac52e751002ada2d21ec4752754ad836.elf","128820","Recycled",""
"F:\sliverfox-file\others-virus\948a24349147e2c21d8acbca93706b32e44aed41af2c03519e79d650193ab8aa.elf","784376","Recycled",""
"F:\sliverfox-file\others-virus\97a99d72350712109fb4f341bb6a4b6b7fd0f6ba962e4fc4ed0ab5fe74701ec6.hta","27500","Recycled",""
"F:\sliverfox-file\others-virus\97c19cf33e11b6a4437910a884c1f41ed5ab3405111cce5fe17ab80cc4687374.elf","6831556","Recycled",""
"F:\sliverfox-file\others-virus\97c9c67fd7bde39b4076b26dae32b3b6bb1e91c6214d36e4de2f2d1c30087045.elf","741868","Recycled",""
"F:\sliverfox-file\others-virus\99e863e6838715074b29151d39862108f72c24ec3d7d9cd5cfe6867ab4bd744c.elf","130028","Recycled",""
"F:\sliverfox-file\others-virus\9af4e08d55020b4182a411f547214d2092887a727f7ec5ae2ead8045bdccd579.jar","22878176","Recycled",""
"F:\sliverfox-file\others-virus\9b8f8579deddf85f3785fd740fb3f528fc480572129ceea6dad03a371440f775.elf","741816","Recycled",""
"F:\sliverfox-file\others-virus\9bad322bb3d73f6df6567d7570c9bb3df1d6e369c9e837e4da5ab95691612af9.unknown","3109244","Recycled",""
"F:\sliverfox-file\others-virus\9bf43739e55b8a826d2b059dc202395701ddf3d3eb2dfe96bf07e3b56a55c2dc.elf","265192","Recycled",""
"F:\sliverfox-file\others-virus\9cea88212d13f143ca5f06bfb2eea2606f819731c4bb4475b0dd1ee8137fa6dd.zip","241718","Recycled",""
"F:\sliverfox-file\others-virus\9d65cfd5e1ff356adc6b24f7cb3cbcbf8f8b2752c18b7ebc91579b52bf3f7cdf.elf","1073952","Recycled",""
"F:\sliverfox-file\others-virus\9e33ff78de4b1ddf3ceb3862613f3587e2dbf714b15adac5f4c1f1e3c17902d6.elf","33020","Recycled",""
"F:\sliverfox-file\others-virus\9fe34d2b52ab275cdeb46f76588ec39c4a8f0a46a7fddaf995cb4649c3a0fbcd.elf","105856","Recycled",""
"F:\sliverfox-file\others-virus\a039db61b06d137895143157fd05718e9603bd9c1470fac58856972c1064515a.elf","25412","Recycled",""
"F:\sliverfox-file\others-virus\a0454ed6d1fd933c102c0b965d76aca95dddbf0ec2e081103f6430494c5ea642.elf","131776","Recycled",""
"F:\sliverfox-file\others-virus\a247e1a4b22b35ee71ddcd87f7e073994a2d0208f8851b2c4fbfbf8608ed60b4.elf","109344","Recycled",""
"F:\sliverfox-file\others-virus\a2da9aba412172006b2ba30e2168ec030dabcdf8c46e6895ffba1c26834251a6.macho","904256","Recycled",""
"F:\sliverfox-file\others-virus\a44a890b1de4581c44c02b0e522d6973ca312212758d9fc2e93095b3f5e8a65f.unknown","188890","Recycled",""
"F:\sliverfox-file\others-virus\a4924d663b5914faf3521b647b17bfdd49f029926abc9f0fdc4c191bd8edd82d.elf","111124","Recycled",""
"F:\sliverfox-file\others-virus\a662f5e5879edcb32efb513eb84b9b83567459287ed475af1083874c04eb2834.elf","16028","Recycled",""
"F:\sliverfox-file\others-virus\a6a9249ec45d1b80117665bf0fc86d75e6c1e843cb51ebcb5ac0cdf95a44ce69.elf","128072","Recycled",""
"F:\sliverfox-file\others-virus\aa5957fe9554c39bd854a717cd89795fccf96a4a0be91935417fbde6760a061c.unknown","5400642","Recycled",""
"F:\sliverfox-file\others-virus\aa85be63909ee5345ed04d0c6362b70a669d862d38f96079df0dc0359d00dd42.elf","36840","Recycled",""
"F:\sliverfox-file\others-virus\aaa63f1d5a6db0dbe31c06e648168f2c60d474a45fd547e4a4db68aa05929127.elf","1024600","Recycled",""
"F:\sliverfox-file\others-virus\ab3dcf61923cd3b72bd6a1e830ef0a9d4993e738bee19e72200d295445cbe628.elf","117011","Recycled",""
"F:\sliverfox-file\others-virus\abedf31d2aa92d2c6cc1e5f1aa11f415ed3278b9c6a16a14645ee11d9354ea75.elf","1095752","Recycled",""
"F:\sliverfox-file\others-virus\acfe65150aa93d6ae4c4a94fbaca762c10602d6dbf234d385c9b4d8ecbe1fe52.driver-test-1.part","1048576","Recycled",""
"F:\sliverfox-file\others-virus\acfe65150aa93d6ae4c4a94fbaca762c10602d6dbf234d385c9b4d8ecbe1fe52.part","1048576","Recycled",""
"F:\sliverfox-file\others-virus\ad3305b3c1112ccf41a1c3994f8f14360c3fb9ad04c7daad0e58ce6d7cfafc0b.elf","1073984","Recycled",""
"F:\sliverfox-file\others-virus\ad48495e41849704eb1dd3ca6d67958662a727e69e362af69261f58f27723b79.elf","129440","Recycled",""
"F:\sliverfox-file\others-virus\ad5ed7ce8dc5462e06fafa676d4217960952df10cda43be89fddd3c4b7486c39.elf","15320","Recycled",""
"F:\sliverfox-file\others-virus\af0d68490acd8cd31c27d830bef35b69b8517be1a2cad4085346577638a0acda.elf","235248","Recycled",""
"F:\sliverfox-file\others-virus\b042caa730d5d29cf55e7c1c570ae1a830f0b1bca3edbb8778f994a674e70deb.elf","32656","Recycled",""
"F:\sliverfox-file\others-virus\b11998016b3dff6845cdd7f9c6b7c08a9e02c38327e84b98b7be04cbc7e1ac08.elf","16064","Recycled",""
"F:\sliverfox-file\others-virus\b1b3480da1fd4a8ea0f51649034ba2facdf5d12bd60c9f9ca9843acc6f0a52db.sh","45521","Recycled",""
"F:\sliverfox-file\others-virus\b2c581fa48c4eeeebe8927fc29f2c85e01a233964a7709b02c0a313574a2a7b5.cmd","1648163","Recycled",""
"F:\sliverfox-file\others-virus\b429c0696541ab00c2a93b87027254d1540d7d3ab01e51ba1d853ea1d9272993.elf","46320","Recycled",""
"F:\sliverfox-file\others-virus\b46644ea431174016fac2b1e03e241ec72188f6fecd3a15bf709fd1282e1a64d.elf","720904","Recycled",""
"F:\sliverfox-file\others-virus\b5bc7b88e19f8a81ecc0ad47a5cadd9894391f0e0ed525786a2ba154c378570f.elf","126820","Recycled",""
"F:\sliverfox-file\others-virus\b66400b3926abfc4afb4870f8c167e83f127aa7e8fd92fccaecaf4f1a8d3d8fe.elf","734792","Recycled",""
"F:\sliverfox-file\others-virus\b6d4995db6dbfef9cc84dd7dedc42d6988b6f3c68f47906177b9f43d50947d75.hta","11988","Recycled",""
"F:\sliverfox-file\others-virus\b793206d6e320eec11d3decf493fc77776e3635df45dbd4abc95fad910db6482.elf","464488","Recycled",""
"F:\sliverfox-file\others-virus\b7df67b510986981958f203da1779124bcc63a10a5769c86a22f5a21a01e079e.elf","1073952","Recycled",""
"F:\sliverfox-file\others-virus\b926a9e33d450d9f328a645294adab52de7b7941f866452d6a329292dd959db7.sh","45509","Recycled",""
"F:\sliverfox-file\others-virus\b93b826c0a339733b1455a4255ec60f9a6a291a0cde4332f7649d6c0402e7fb3.elf","153888","Recycled",""
"F:\sliverfox-file\others-virus\b9a4e65437f0487dd11d0b4e94cfb5014a4b6394d819d42228b89496f484337a.elf","95408","Recycled",""
"F:\sliverfox-file\others-virus\b9d9359d05d7116b1e5375b534da2faeac1946572b14c9a1b4bb1ba067a6f473.elf","480808","Recycled",""
"F:\sliverfox-file\others-virus\b9e2752f6f11c15aca154c04fdd5af6800990b658b12a52f33ae9e4e38f0423f.elf","104192","Recycled",""
"F:\sliverfox-file\others-virus\bcdeb7b4d160cacc48563e0c119141b529a03458c667a9e0ea9b715cdc2d9131.elf","121732","Recycled",""
"F:\sliverfox-file\others-virus\bdb9019aec6a1b73d48ce5b63ce8aebb2e80423938b6956ae3067eb1a3d2af71.elf","720904","Recycled",""
"F:\sliverfox-file\others-virus\be19f617f8f44ad0c75a580d529a2342e50469539ecd33aa6ac782050043128c.xls","1197568","Recycled",""
"F:\sliverfox-file\others-virus\bec11cab73d5b10e77bf5a019b61b076464e86751f35c351aa0af884e033dc7c.zip","672","Recycled",""
"F:\sliverfox-file\others-virus\c034e24c7e9ed3926e523998f2f8f485262b15c8a56b802bee1c48a6f2a48630.elf","269048","Recycled",""
"F:\sliverfox-file\others-virus\c0d4e445c6be649f6d8020a38b6fde77c9538ff1bf962049a53b93c73243327e.elf","279356","Recycled",""
"F:\sliverfox-file\others-virus\c2af8f6db2b945f4719e21a9322f5fac0c83f741b7fc41ee4bc1a00e5fc7eb1c.sh","2989","Recycled",""
"F:\sliverfox-file\others-virus\c2c5bdcb794a14fb787175e3cd36a0e01b912c1bf1fb47d64ef9e3acb5e1a115.xls","3370496","Recycled",""
"F:\sliverfox-file\others-virus\c3f4b8833424d58313c09bfe519126396cef6a49746fc8630dfa667ea82a77c5.elf","20844","Recycled",""
"F:\sliverfox-file\others-virus\c40f75eccdca4fbe21f4c79a7b46df138bf7db13baa2aa1277f077d3bc520121.elf","642576","Recycled",""
"F:\sliverfox-file\others-virus\c4404f4374abef685ee39fdea9eca3bdbf8ed8de39a3bfa20127caa48a81c09d.elf","101084","Recycled",""
"F:\sliverfox-file\others-virus\c5533697f6cb0a84f7a48af7bbd26a2ae9f9e24988e74cfea072dd65e7597d63.elf","49944","Recycled",""
"F:\sliverfox-file\others-virus\c585f075a664dedb60b2720ceb4379444af7d1712f08ecc65145f5db6684af1c.elf","110292","Recycled",""
"F:\sliverfox-file\others-virus\c5bc331ea79ba5d1a2792ec5ef3f4e790e2a3e426ad31e15800c3d81705503cf.jar","1577441","Recycled",""
"F:\sliverfox-file\others-virus\c627d9b192be3d9c75f4f65d361f3f1c01ea2f7f465d4d40e5d3db01d6004f27.elf","17084","Recycled",""
"F:\sliverfox-file\others-virus\c6498da1b745d711dfb206b378040d86480d66c9a4d57f108f1afc9ed287cd68.elf","18604","Recycled",""
"F:\sliverfox-file\others-virus\c64a3e02b77a56ffd13234a4b52a9eb055aa5695dd230016d62e3e9b1d9760cb.elf","287712","Recycled",""
"F:\sliverfox-file\others-virus\c6b11095ae93e1598dda40c3e9ca36cc6440164f7c87795131f4dc7e14714670.elf","108864","Recycled",""
"F:\sliverfox-file\others-virus\c850d57265fe8a9e9b443aee0e6ec64ccd7707e707a5e8d2e297900bed0f70de.elf","232612","Recycled",""
"F:\sliverfox-file\others-virus\ca05d5c61cff1ffb32c1b4f8bb5227320f90d4cc36c2b05e406350f5071531a9.elf","29172","Recycled",""
"F:\sliverfox-file\others-virus\caf0f32fd87bbece8518baf79a3bf1c1c5b3d7ea5bf0912a63b505daf0c6d17b.elf","857880","Recycled",""
"F:\sliverfox-file\others-virus\ccfb6f3cc3d0f35886ac415b59d0f6f10d640eb5a1bc6ed80be7b8944438f15c.jar","4312311","Recycled",""
"F:\sliverfox-file\others-virus\cda64cc7dc2cdecfe85f5c83d854ddd02a04ef7365cfb05fbd2045aaaf809bfd.elf","271872","Recycled",""
"F:\sliverfox-file\others-virus\ce826dfa5914d985592110467e787d33376d29f96b75cbda268d88f5b80402f0.hta","42806","Recycled",""
"F:\sliverfox-file\others-virus\cf26e787ab8864526e35130721c00879053203eb978e9c77942e3553808b3a06.sh","45521","Recycled",""
"F:\sliverfox-file\others-virus\d3047e2af0c7c2b84b214625f27b76d44eb3aa925f96fea65b427431706366bb.sh","1191","Recycled",""
"F:\sliverfox-file\others-virus\d4819f6ce1e7c5ed703e11e3ae98ebfb04abe95ac2a221bcc43696de923bdbb2.xls","312832","Recycled",""
"F:\sliverfox-file\others-virus\d68aa84b77215dfce3293b8fc50804c21edab1464d04d7541a09901db8dd3c65.elf","120620","Recycled",""
"F:\sliverfox-file\others-virus\d832e82dc6bf6934e9ee50909620d53f38748a2e67d4a4cad8ee1282de852c8d.elf","253012","Recycled",""
"F:\sliverfox-file\others-virus\d8ed7463bbcf3cf511d4a1a1a11c2e25010d68b9b7b85097c2d3707b172e72ca.elf","1095632","Recycled",""
"F:\sliverfox-file\others-virus\da7f09b66455e1d17f01a763951e6137d17d5b180349ca965b33adf36e6d1953.elf","131468","Recycled",""
"F:\sliverfox-file\others-virus\db43c9d4ae7dc7c54a40268eceda14fc66ff44d0e891094ea4ab3e35bdb33e7c.cmd","4421","Recycled",""
"F:\sliverfox-file\others-virus\db76f64a2ab9133ae0dcea6e447b843cd24f64ba35c7f8c51738591be7000e50.elf","25808","Recycled",""
"F:\sliverfox-file\others-virus\dba511e0078b9f007cab108236ce3d740b9055dafc8d35e42a8f4d4b878126ad.elf","158912","Recycled",""
"F:\sliverfox-file\others-virus\dbcefd9009c7c65f5a48ca9ae6a53f8d87593c2846f822543bb3c9e54c565c7e.jar","3404546","Recycled",""
"F:\sliverfox-file\others-virus\dcb2409778ae9a778f8beefd35ec745d4dcc05c20cad38c9bcb945946b7e0a66.elf","741952","Recycled",""
"F:\sliverfox-file\others-virus\df9086ba7f2108ed931339e47fabeb9011b345041a3edeff11075c159198ae78.elf","129852","Recycled",""
"F:\sliverfox-file\others-virus\e2bb79821af2eb23e40684bd7c5a68dcdeeeaeaad1a1da71dc33b4e97d882235.elf","114805","Recycled",""
"F:\sliverfox-file\others-virus\e39129081ae5922a28ee9ab9ea17fe150675c2c3d1d308faf9f4185954624497.elf","74836","Recycled",""
"F:\sliverfox-file\others-virus\e4057c11135a16608e7b8b15c2a856c1ff18906e104a987c56c528ff461182f2.sh","456","Recycled",""
"F:\sliverfox-file\others-virus\e4710a6a8b66437f3a45ecae00d37f492654897b996891656a32547d25fc01b5.elf","64288","Recycled",""
"F:\sliverfox-file\others-virus\e4f579f3949bdb1097c6f9f8abfc6e0fa3f8e340a47cb5b8bcae8eb01af539a8.elf","109952","Recycled",""
"F:\sliverfox-file\others-virus\e56d1ec6e0a5c05cb082d214b07751cf200e3546e399f310f163422d9fef85ee.elf","731340","Recycled",""
"F:\sliverfox-file\others-virus\e5a5df837e678ef89c18b07af0f8bb06dcbd2d8b4812d106c006ee65bb019e63.sh","11","Recycled",""
"F:\sliverfox-file\others-virus\e5b263088d55b036d2fed1c55a20a6226090838bbd5f9784686c40f7537b8e57.zip","4780143","Recycled",""
"F:\sliverfox-file\others-virus\e60db63214d90e9561f077baf23cdfd1514e4a390fe5595d517e6c26f81ce45d.cmd","5246","Recycled",""
"F:\sliverfox-file\others-virus\e65a3387fe886951238a8db1bba23a51bd41b917bcc6cb936232519018d622a3.elf","236060","Recycled",""
"F:\sliverfox-file\others-virus\e7691351a8da0b42ecc9cf7718f2425394bdaefe559426d83ecd646e285b4c2f.elf","667768","Recycled",""
"F:\sliverfox-file\others-virus\e8a8d6bfe9508359d247a815828509ce2dc4f803a7a2d3b0c47877dd5d9cb842.zip","4772029","Recycled",""
"F:\sliverfox-file\others-virus\e8c0d3002682e649711b5d3ae6d78e9c9f38eee4e6d8109af0cd9fd83088a703.elf","70740","Recycled",""
"F:\sliverfox-file\others-virus\e93daebf9b1e5904551afa93f3ae39ee3685f6cac471ac103a0eb83474e2483f.elf","26288","Recycled",""
"F:\sliverfox-file\others-virus\e940b8b7a202521e1627074dae16f0edc7f1760632e962c92b5747cf18ff8d7a.cmd","1912823","Recycled",""
"F:\sliverfox-file\others-virus\e974913b60253b954569dbffc87c22471700eaeb5364a2eeebf2139073189c27.elf","79168","Recycled",""
"F:\sliverfox-file\others-virus\e9d97a3d8724986bbf4494d1e01ace52ea60e0ea50c0e97385ab3a2f743cdc03.elf","31728","Recycled",""
"F:\sliverfox-file\others-virus\ea36727d1893faaec316e2021c801b9eacf2507cf0c218a013892e12ee4b0220.unknown","115","Recycled",""
"F:\sliverfox-file\others-virus\ea8f901364586b8fb6827e53a85564d53103b35d2e0109dacd3a6f713af89f5e.cmd","2300430","Recycled",""
"F:\sliverfox-file\others-virus\ebda7223e96734d3c2c93e06909fad15006e0f938003b4be57d774ccaa7f3c98.elf","198700","Recycled",""
"F:\sliverfox-file\others-virus\ec780ca8df9d10df905f3f77641f88ece7651303843802c37a57c484c6251a42.macho","937424","Recycled",""
"F:\sliverfox-file\others-virus\ecd5b1739d9300759ef987ed2bd6032f997a8262dd1d434d3974eeb262be4405.unknown","1152","Recycled",""
"F:\sliverfox-file\others-virus\ecde45fdfb6ce9c222a634d11cc2e4c311ac1a0b9bd11d5c0563868b8daf43ee.hta","1068209","Recycled",""
"F:\sliverfox-file\others-virus\edca648878da699457d345b19412036b6623c75f13d5fa5e59ac77c957bc06a1.elf","16580","Recycled",""
"F:\sliverfox-file\others-virus\efd4d53256b2df19ef79cfe5a80f53b8063ef8b96d9152d7b5367448182ba5b7.elf","108156","Recycled",""
"F:\sliverfox-file\others-virus\f03b8beef33330786b3f3f12e2bf2c352d4f14b8e6d5a78180205c7cccdcefb7.macho","954528","Recycled",""
"F:\sliverfox-file\others-virus\f2130935c063fd4e76a5b07e8fac9bcb085d06b621b4eab3cf35ee1ffccbfc01.unknown","11342992","Recycled",""
"F:\sliverfox-file\others-virus\f3ae355598558767dd268ded106ed95065f9508892a31137ff196f19b1565766.hta","11894","Recycled",""
"F:\sliverfox-file\others-virus\f61a3c60953e3269b564a6636a5330d450331febc969421b9b3aed762a50a321.zip","2166648","Recycled",""
"F:\sliverfox-file\others-virus\f711b96af05ce7c3bfe9ee466799239a7a326468c2771a8882695259893aef74.elf","99328","Recycled",""
"F:\sliverfox-file\others-virus\f747505af5381cfe8aaa7e5d5840f74f53a94748d7d77cd98574ebb0f67231b7.jar","2566716","Recycled",""
"F:\sliverfox-file\others-virus\f8cb8c7424a598fe8087025bc37cbce336b579d2163d5a4f57e48678499fdd60.hta","12097","Recycled",""
"F:\sliverfox-file\others-virus\f915f2be0f9e1e970c8f6269b6cae5201ab5cd77bcccecb36736783d93ad08f0.elf","113152","Recycled",""
"F:\sliverfox-file\others-virus\f91df08a24ec9a8ea875739c9a35eea32847ab1ea588092fa7e26dd5daffbff0.elf","109804","Recycled",""
"F:\sliverfox-file\others-virus\f9909e3cd136666ec71a7bfa18ca0d51ae84fef95705bc9474fdc60b542bbc9d.hta","11973","Recycled",""
"F:\sliverfox-file\others-virus\fb63521b93543a9c5626052e5b2c48952a6933d6100c7ba7453c071deaf9bdd3.unknown","188384","Recycled",""
"F:\sliverfox-file\others-virus\fb9dd269c9b0eefd16377f830dbc5ec8feda78917a39e3a8f2248b06319ca75c.sh","45513","Recycled",""
"F:\sliverfox-file\others-virus\fba09a4c474ac69d54e29b78142a733118d5312b880427b98e39ae65c79f9acf.elf","45056","Recycled",""
"F:\sliverfox-file\others-virus\fd376c7045abe1154d1ef2b2384a2ebec99f1b1f3e081f78f095a15f9f699974.jar","3034669","Recycled",""
"F:\sliverfox-file\others-virus\fd9a63295a873385209bbe00ea2b1fa86c5e166d9ccdda4cbd71bb8df1a8e4cc.zip","4777681","Recycled",""
"F:\sliverfox-file\others-virus\fdbf34dd48194d49de0edd54978fa78f23297bf15f9ba44b65d41a0c433cb71c.cmd","4889","Recycled",""
"F:\sliverfox-file\others-virus\fe0d475e8a709571e0a0b3ef34850fda83ba4f12a30822e8981f31e5743356fc.elf","66622","Recycled",""
"F:\sliverfox-file\others-virus\fe589a071632a764db878c8e847f7deac17d33136023a9151a334bbe49f0b838.sh","45525","Recycled",""
"F:\sliverfox-file\others-virus\ff08dad9e80cc52495dc5a4c81f365a600c7f66cd79534b801e5bc6d2a4b2995.elf","135168","Recycled",""
